dataset_variant,config_name,model_class,scaler,resampling,pca,mean,std,median,min,max,count,range,cv_ratio
STRICT,config_loo,LinearDiscriminantAnalysis,maxabs,none,off,0.4862652153958905,0.0,0.4862652153958905,0.4862652153958905,0.4862652153958905,2,0.0,0.0
STRICT,config_loo,LinearDiscriminantAnalysis,none,none,off,0.4862652153958905,0.0,0.4862652153958905,0.4862652153958905,0.4862652153958905,2,0.0,0.0
STRICT,config_loo,LinearDiscriminantAnalysis,robust,none,off,0.4862652153958905,0.0,0.4862652153958905,0.4862652153958905,0.4862652153958905,2,0.0,0.0
STRICT,config_loo,LinearDiscriminantAnalysis,standard,none,off,0.4862652153958905,0.0,0.4862652153958905,0.4862652153958905,0.4862652153958905,2,0.0,0.0
IMPUTED,config_loo,LinearDiscriminantAnalysis,maxabs,none,off,0.453110138691783,0.0,0.453110138691783,0.453110138691783,0.453110138691783,2,0.0,0.0
IMPUTED,config_loo,LinearDiscriminantAnalysis,none,none,off,0.453110138691783,0.0,0.453110138691783,0.453110138691783,0.453110138691783,2,0.0,0.0
IMPUTED,config_loo,LinearDiscriminantAnalysis,robust,none,off,0.453110138691783,0.0,0.453110138691783,0.453110138691783,0.453110138691783,2,0.0,0.0
IMPUTED,config_loo,LinearDiscriminantAnalysis,standard,none,off,0.453110138691783,0.0,0.453110138691783,0.453110138691783,0.453110138691783,2,0.0,0.0
IMPUTED,config_loo,GaussianNB,robust,undersample,off,0.44792890942040114,0.0,0.4479289094204012,0.4479289094204012,0.4479289094204012,3,0.0,0.0
IMPUTED,config_loo,GaussianNB,standard,undersample,off,0.44792890942040114,0.0,0.4479289094204012,0.4479289094204012,0.4479289094204012,3,0.0,0.0
IMPUTED,config_loo,LinearDiscriminantAnalysis,maxabs,smote,off,0.47820953775303143,0.007527767945959676,0.4778932379516889,0.4685790789045568,0.4884725962041911,8,0.01989351729963429,0.015741567977356714
STRICT,config_loo,LogisticRegression,none,undersample,off,0.4580208229801026,0.01001528275518277,0.4570621065928872,0.446353769294216,0.4777053374829322,24,0.031351568188716206,0.02186643543849939
IMPUTED,config_loo,LogisticRegression,standard,none,off,0.46757834361167355,0.013020023932748943,0.4600880369617829,0.4572382259541429,0.4880639708668785,12,0.030825744912735653,0.027845652200612067
STRICT,config_loo,LogisticRegression,none,smote,off,0.4738307427173501,0.014147182729864044,0.4771061411472772,0.4464053981517132,0.5010028997973652,48,0.054597501645652025,0.02985703850436554
STRICT,config_loo,LogisticRegression,robust,smote,off,0.4720143845966939,0.015390482236241785,0.4723669596130192,0.4363991221721087,0.4976190938133145,48,0.061219971641205795,0.032605960196302
STRICT,config_loo,LinearDiscriminantAnalysis,none,smote,off,0.46595046949352265,0.015397800080632492,0.4625701843060087,0.4471525794498304,0.4976190938133145,8,0.050466514363484094,0.033046001858029125
STRICT,config_loo,LogisticRegression,robust,none,off,0.4717257285584999,0.018972265209386538,0.47663716169430104,0.4362178094178452,0.48758791515595,12,0.0513701057381048,0.0402188476498028
STRICT,config_loo,SVC,standard,smote,off,0.4567083005972452,0.01972941410119129,0.456563218857709,0.4265947831441164,0.4923501348491881,34,0.06575535170507169,0.04319915813965018
IMPUTED,config_loo,LogisticRegression,none,smote,off,0.45818101256546107,0.021013245524691377,0.4506693490173787,0.4310637990868051,0.4973160058812252,48,0.06625220679442012,0.04586232285583677
STRICT,config_loo,LogisticRegression,none,none,off,0.46293126235412513,0.021285423092609845,0.456563218857709,0.4363991221721087,0.5027838603166097,12,0.06638473814450102,0.04597966225993891
IMPUTED,config_loo,LinearDiscriminantAnalysis,standard,smote,off,0.45652908314221485,0.02165629106645597,0.4494356000546268,0.4387725362554147,0.4884725962041911,8,0.04970005994877641,0.047436826844413214
STRICT,config_loo,LogisticRegression,standard,undersample,off,0.47968323562445075,0.021762800023193668,0.4777053374829322,0.4359784161562407,0.5189784147503389,24,0.08299999859409818,0.04536910695839286
STRICT,config_loo,LogisticRegression,standard,smote,off,0.49319395680383465,0.022611613440948006,0.4977014396548559,0.4471525794498304,0.5286864701664759,48,0.08153389071664546,0.04584730434955767
IMPUTED,config_loo,LogisticRegression,standard,smote,off,0.47463002861964604,0.023155354294175663,0.4771087555223537,0.4289934368490385,0.5377049985247575,48,0.10871156167571899,0.048786113178548286
IMPUTED,config_loo,LogisticRegression,robust,smote,off,0.47424154712538,0.02318974477240948,0.4777210195786547,0.4387725362554147,0.525230178867319,48,0.08645764261190436,0.04889859379249742
STRICT,config_loo,LogisticRegression,robust,undersample,off,0.48360076513906836,0.024270607239530458,0.48253340223388963,0.4359784161562407,0.518113723719013,24,0.08213530756277226,0.05018728047824944
IMPUTED,config_loo,LogisticRegression,standard,smote,on,0.4981285682631651,0.024706249431130572,0.4986331041694657,0.4289934368490385,0.5553765584135016,336,0.12638312156446313,0.04959813792104787
IMPUTED,config_loo,LinearDiscriminantAnalysis,none,smote,off,0.45604480462703323,0.02480185996089282,0.46305509006995826,0.422235951603033,0.4798518567480798,8,0.057615905145046775,0.054384700163784355
IMPUTED,config_loo,LogisticRegression,robust,smoteenn,off,0.45748898570793567,0.025644843017433045,0.4593099608919506,0.3917742094595564,0.4964109646633509,48,0.10463675520379451,0.05605565121474837
IMPUTED,config_loo,LogisticRegression,standard,smoteenn,off,0.4569510377123828,0.025840657412450417,0.45166427807584464,0.422235951603033,0.5290486946131061,48,0.1068127430100731,0.05655016682272033
IMPUTED,config_loo,SVC,robust,smote,off,0.45897010126120336,0.027465213610551906,0.4578029269547624,0.4094224637628599,0.5164956098976807,33,0.10707314613482083,0.059840964662143094
IMPUTED,config_loo,LogisticRegression,robust,undersample,off,0.4553589677899901,0.027936984770898475,0.4506693490173787,0.4135179228034119,0.5181641585428214,24,0.10464623573940951,0.061351563814557204
IMPUTED,config_loo,SVC,standard,smoteenn,off,0.4508014760029654,0.02842197074312069,0.452915774053048,0.3963896244052417,0.4971509739597127,39,0.10076134955447097,0.06304764348849144
STRICT,config_loo,LogisticRegression,standard,none,off,0.4930081795069732,0.02864769358390929,0.5047622053370361,0.4464053981517132,0.5269567650541593,12,0.08055136690244613,0.058107947848974974
STRICT,config_loo,LinearDiscriminantAnalysis,robust,smote,off,0.45307266262965795,0.028782869293698558,0.4514584940759625,0.4170235275175186,0.4923501348491881,8,0.07532660733166952,0.06352815269551079
STRICT,config_loo,RandomForestClassifier,maxabs,smote,off,0.44640348777129085,0.029286165915188796,0.4475740435093612,0.380596330223835,0.5220386614834677,259,0.14144233125963268,0.06560469780691586
STRICT,config_loo,SVC,none,smoteenn,off,0.4526216475307098,0.029572181688760087,0.4375871418875156,0.4072105485482321,0.4932767031489962,28,0.08606615460076411,0.06533532333261557
IMPUTED,config_loo,SVC,robust,smoteenn,off,0.4612516108312363,0.02985678237788185,0.4675917504593828,0.399526333653657,0.50766703256774,27,0.10814069891408307,0.06472992543934099
IMPUTED,config_loo,LogisticRegression,robust,none,off,0.45148145541723245,0.03037774987954469,0.4600880369617829,0.3903217867076898,0.4817270385404678,12,0.09140525183277798,0.06728460164874628
IMPUTED,config_kfold,LogisticRegression,none,smote,off,0.47006499376035527,0.030437801496364048,0.4668436356606482,0.3956452817257179,0.5682981770400889,960,0.172652895314371,0.06475232553028955
IMPUTED,config_loo,SVC,standard,smote,on,0.4847538888707273,0.03103426777777313,0.48760661964655005,0.4099533220514466,0.5372686088107569,230,0.1273152867593103,0.06402066799313343
IMPUTED,config_kfold,LogisticRegression,robust,smote,off,0.4849927356430681,0.031149005809058522,0.48580575730752246,0.3899387675209707,0.5770105144172917,960,0.187071746896321,0.06422571622182549
IMPUTED,config_kfold,LinearDiscriminantAnalysis,none,smote,off,0.462797330795807,0.031221990236462892,0.46097072811246076,0.3951613889757909,0.5257705142805491,160,0.1306091253047582,0.06746363507061473
STRICT,config_loo,SVC,maxabs,smote,off,0.47078439233950076,0.03170149491078279,0.4681623224484551,0.4157046551561493,0.5301471196827872,36,0.11444246452663787,0.06733760809963646
STRICT,config_loo,LinearDiscriminantAnalysis,maxabs,smote,on,0.4779145590792044,0.031773665838031234,0.4670841238700822,0.4376281740110319,0.5207201428712019,56,0.08309196886017006,0.0664839880568807
IMPUTED,config_loo,SVC,maxabs,smote,off,0.4539767500661275,0.03198411167358441,0.4595638849768418,0.3992538571714621,0.5164956098976807,32,0.11724175272621862,0.07045319318428866
IMPUTED,config_kfold,LinearDiscriminantAnalysis,robust,smote,off,0.4678004892152779,0.03206975515991514,0.4661265126309614,0.3742057576078728,0.5426363783682044,160,0.16843062076033166,0.06855434292877985
IMPUTED,config_loo,LinearDiscriminantAnalysis,standard,smote,on,0.4958440844206735,0.03217999432575924,0.4942411406855747,0.4400071838494009,0.5637981363555521,56,0.12379095250615119,0.064899421686874
IMPUTED,config_loo,LinearDiscriminantAnalysis,maxabs,smote,on,0.47149487689455355,0.03218411108935313,0.4685790789045568,0.4090975620301051,0.5350188929913869,56,0.12592133096128183,0.06825972596209327
STRICT,config_loo,LogisticRegression,standard,smoteenn,off,0.4686155890742656,0.032369312844420094,0.4781164350793879,0.4050757314861623,0.5189784147503389,48,0.11390268326417657,0.06907434067305483
IMPUTED,config_kfold,LinearDiscriminantAnalysis,standard,smote,off,0.46173692473446587,0.032478747913430014,0.4549905718408716,0.3816205001175275,0.5402481373825868,160,0.1586276372650593,0.07034037386571972
IMPUTED,config_kfold,LogisticRegression,standard,smote,off,0.48419486156424235,0.0327773657060213,0.48559362761309144,0.3911506414500514,0.5954907095537068,960,0.20434006810365535,0.06769457569237843
IMPUTED,config_kfold,LinearDiscriminantAnalysis,maxabs,smote,off,0.46582435351038487,0.03338772657139273,0.465180355239291,0.3873494945546072,0.5311613252365729,160,0.14381183068196568,0.07167449773672771
STRICT,config_loo,LogisticRegression,standard,undersample,on,0.4842994511512507,0.03356114971388464,0.48223380406606214,0.4072105485482321,0.5588390654545202,168,0.15162851690628815,0.06929834348171336
IMPUTED,config_loo,LinearDiscriminantAnalysis,standard,undersample,on,0.4642873153525815,0.03356569857131375,0.4509939284626683,0.4204231461659226,0.5267865840075201,28,0.10636343784159752,0.07229510146281691
IMPUTED,config_loo,LogisticRegression,standard,undersample,on,0.4713939394893749,0.0340305684026025,0.4702613770474478,0.4114352887942449,0.5648434697911421,168,0.15340818099689718,0.07219135748640557
STRICT,config_loo,LinearDiscriminantAnalysis,standard,smote,off,0.4525033225933266,0.034073585245332445,0.4536561533042916,0.4153395167798761,0.4873614669848471,8,0.07202195020497104,0.07530018796338216
STRICT,config_loo,LogisticRegression,standard,smote,on,0.5069502270076881,0.03437659365078782,0.5081533951691829,0.4050757314861623,0.5814329692973752,336,0.17635723781121287,0.06781058932293661
STRICT,config_loo,LogisticRegression,robust,smoteenn,off,0.48699667021997123,0.03519506573922849,0.48758791515595,0.4257671236823037,0.5533630834502732,48,0.1275959597679695,0.07226962295929303
STRICT,config_loo,LinearDiscriminantAnalysis,standard,undersample,on,0.4668442475153041,0.03531122359882772,0.45280655864562935,0.4265947831441164,0.5212042155696847,28,0.09460943242556824,0.07563812510653276
IMPUTED,config_kfold,SVC,standard,smote,off,0.47387209436541766,0.035373162858346456,0.4741785422912791,0.3912993277340577,0.5836956593172961,812,0.19239633158323838,0.07464706885877331
STRICT,config_loo,LinearDiscriminantAnalysis,standard,smote,on,0.500794012486509,0.036113819083347314,0.4977837854963974,0.4265947831441164,0.5595891548365541,56,0.13299437169243772,0.07211312073009297
IMPUTED,config_kfold,SVC,none,smote,off,0.4665786194100479,0.03624007910024881,0.46284671297711166,0.3617002488291415,0.5925265750408085,812,0.23082632621166704,0.07767196693682953
IMPUTED,config_kfold,LogisticRegression,none,undersample,off,0.452818963836491,0.03652628951534944,0.45405582796046834,0.3629039853573989,0.5660266763879608,480,0.2031226910305619,0.0806642222001523
STRICT,config_loo,SVC,robust,smoteenn,off,0.4690370915203853,0.0367066049530925,0.4583558374945771,0.4051084364747354,0.5396307869412783,31,0.13452235046654293,0.07825949294139599
STRICT,config_loo,RandomForestClassifier,standard,smote,off,0.45623780253688345,0.03673040057686561,0.4515991474810198,0.3738487656727224,0.5862917080130566,260,0.21244294234033423,0.08050713985695261
IMPUTED,config_kfold,SVC,robust,smote,off,0.4743655971604155,0.03706871803869342,0.4744914211325917,0.3697897631937352,0.5723141895892424,800,0.20252442639550722,0.07814377404387937
STRICT,config_loo,LogisticRegression,maxabs,undersample,on,0.4544755828532494,0.03711091494965046,0.4583558374945771,0.3550875510066608,0.5386014528554335,154,0.1835139018487727,0.08165656495045105
STRICT,config_loo,SVC,maxabs,smote,on,0.4685760674083835,0.03730387075203471,0.4581312606193058,0.3949667226034329,0.5590935152446493,196,0.16412679264121643,0.07961113114111062
IMPUTED,config_loo,LogisticRegression,standard,undersample,off,0.44694806983198593,0.03732396741800137,0.4462794994714042,0.3851461956813939,0.5059726864729314,24,0.12082649079153746,0.08350851013190856
IMPUTED,config_loo,LinearDiscriminantAnalysis,robust,smote,off,0.4735451479510086,0.03739075206949808,0.4681651043548546,0.4310637990868051,0.5267865840075201,8,0.09572278492071501,0.07895921271981104
IMPUTED,config_loo,SVC,standard,smoteenn,on,0.47440558841381253,0.03745691078279743,0.4685790789045568,0.3832059252792875,0.5659680733486607,229,0.18276214806937324,0.07895545857298095
IMPUTED,config_loo,SVC,standard,smote,off,0.44871787795203893,0.03772362268873306,0.4387725362554147,0.3892607275956724,0.5157274172608465,35,0.1264666896651741,0.0840698009647058
IMPUTED,config_kfold,LogisticRegression,none,none,off,0.45448317901015656,0.03797575140330219,0.46117475995832957,0.3351509747024995,0.5507815656005272,240,0.21563059089802766,0.08355810106330366
IMPUTED,config_loo,LogisticRegression,standard,smoteenn,on,0.4714569265239343,0.03802740689067517,0.4641580590412252,0.3681265495813386,0.5486784946784741,336,0.18055194509713546,0.08065934500326967
STRICT,config_kfold,LogisticRegression,none,none,off,0.4683385645090455,0.03835630883609673,0.4713866155090059,0.3741725387060302,0.5459184952580419,240,0.17174595655201175,0.08189867703144467
IMPUTED,config_loo,SVC,standard,undersample,on,0.45644247534682725,0.03839602416224341,0.4673320904329671,0.3963896244052417,0.5648434697911421,118,0.16845384538590036,0.08412018213920218
STRICT,config_loo,LogisticRegression,standard,smoteenn,on,0.4935587901984783,0.03839920828993844,0.4930055884664934,0.4050757314861623,0.6017840614342685,336,0.19670832994810622,0.07780067755352243
IMPUTED,config_kfold,LogisticRegression,robust,smoteenn,off,0.46022289859798765,0.03849126056621613,0.46314759076559586,0.3326650820129564,0.5515685880679848,960,0.2189035060550284,0.08363612650190812
IMPUTED,config_kfold,LogisticRegression,standard,smote,on,0.508581475241017,0.039667698750164376,0.5082247470285293,0.3458745821766045,0.62629593670007,6720,0.2804213545234655,0.07799674325803124
IMPUTED,config_kfold,LinearDiscriminantAnalysis,maxabs,smote,on,0.47039628442764875,0.03976921760183192,0.47263224573769236,0.3341290798646442,0.5712729617424273,1120,0.23714388187778307,0.0845440725583554
STRICT,config_kfold,LogisticRegression,none,smote,off,0.47390281419707814,0.03981358331430417,0.4753396887724486,0.3283786319770072,0.566774625126435,960,0.23839599314942778,0.08401212679388567
STRICT,config_kfold,SVC,standard,smote,off,0.4695484376940771,0.040179973613492626,0.4761866234478679,0.344492631585382,0.566349310243223,900,0.22185667865784098,0.08557152018397496
IMPUTED,config_kfold,LogisticRegression,standard,smoteenn,off,0.45918310962632186,0.04034530968229911,0.45947605990241513,0.3481151690369961,0.5611100550979202,960,0.21299488606092415,0.08786322675311746
STRICT,config_kfold,LogisticRegression,robust,undersample,off,0.48322894545798134,0.04050004414584269,0.4822729397200566,0.3273843327767649,0.5772308540501842,480,0.24984652127341928,0.0838112959219748
IMPUTED,config_kfold,LogisticRegression,standard,none,off,0.4719788948952768,0.0408771098212151,0.47171155145174604,0.3763383650422657,0.5766327993581379,240,0.20029443431587224,0.08660791883561861
IMPUTED,config_kfold,SVC,standard,undersample,off,0.46682683010613246,0.04130032566068362,0.4695437500460961,0.3435652757751868,0.557891370996711,406,0.21432609522152424,0.08847033417358219
IMPUTED,config_kfold,SVC,robust,undersample,off,0.4689322536253534,0.04136485579717065,0.4700438334263404,0.372167980136222,0.5721813514743659,400,0.2000133713381439,0.08821072868708771
IMPUTED,config_loo,LinearDiscriminantAnalysis,standard,smoteenn,on,0.45622074966046283,0.04167463261882932,0.4582647523849861,0.3832059252792875,0.5444587496987767,56,0.16125282441948924,0.09134751685416587
IMPUTED,config_kfold,LogisticRegression,robust,undersample,off,0.4722998969915135,0.04174805929674135,0.46822704694452477,0.3749544593846753,0.5713725488862583,480,0.19641808950158302,0.08839311539695614
IMPUTED,config_kfold,LinearDiscriminantAnalysis,standard,smote,on,0.4986839001644267,0.04186084827552785,0.496978335424441,0.3626884968693857,0.606464750133872,1120,0.24377625326448632,0.08394265036774887
STRICT,config_kfold,LogisticRegression,robust,smote,off,0.48739460115742667,0.04253399354363425,0.49156373679253595,0.351241118836653,0.593424985985897,960,0.242183867149244,0.08726808512574379
STRICT,config_kfold,SVC,robust,smote,off,0.47442144187870394,0.04294263271086927,0.4785507207687393,0.3393804220836726,0.5815847688282305,900,0.24220434674455793,0.09051579233184928
STRICT,config_kfold,LogisticRegression,robust,none,off,0.4667116042614253,0.04297748282265657,0.4613645769383563,0.3522178627972703,0.5540575333051736,240,0.2018396705079033,0.09208573866653427
STRICT,config_kfold,LogisticRegression,standard,none,off,0.48001573336606695,0.04306750888109295,0.47744723261744976,0.3855007065387749,0.5804545769617376,240,0.19495387042296275,0.08972103597331266
STRICT,config_kfold,LogisticRegression,standard,undersample,off,0.4862111717375059,0.04335565661210727,0.4828513247175382,0.3515011655742059,0.5796794007443364,480,0.22817823517013053,0.08917042456505705
IMPUTED,config_kfold,SVC,robust,smoteenn,off,0.452729170402389,0.04353454048683317,0.45726305105199044,0.2686156945196742,0.5570172062579408,800,0.2884015117382666,0.09616022852722157
STRICT,config_kfold,LogisticRegression,standard,smote,off,0.4894080341431255,0.04363082694237805,0.4944241116711019,0.3594246152648573,0.5855412894142763,960,0.226116674149419,0.08915020575575264
IMPUTED,config_kfold,LogisticRegression,standard,undersample,on,0.4917201861121118,0.043633028962565226,0.48950372998794,0.3544057610841188,0.6237424754016644,3360,0.2693367143175456,0.08873548451927278
IMPUTED,config_kfold,LogisticRegression,standard,undersample,off,0.4712409249270952,0.043891582064864404,0.46549169360700393,0.3691032357158719,0.5935711181018074,480,0.2244678823859355,0.09314042932849007
STRICT,config_loo,SVC,standard,smoteenn,on,0.49012569405888157,0.04392685855052226,0.4977837854963974,0.395058305668927,0.6001348448710581,231,0.20507653920213104,0.08962365997740383
IMPUTED,config_kfold,LogisticRegression,none,smoteenn,off,0.45370305570719793,0.04437586679176009,0.4536616657713926,0.3465339185434035,0.5586033396388859,960,0.21206942109548238,0.09780817262204759
STRICT,config_loo,LogisticRegression,none,smoteenn,off,0.45913040196313076,0.04470074930504905,0.4587398801526479,0.3863611644241803,0.5323831035391606,48,0.14602193911498035,0.0973595935139983
STRICT,config_kfold,LogisticRegression,none,undersample,off,0.47038830341589455,0.044887355885162565,0.4703110612385599,0.3479779205195173,0.5722717097681427,480,0.22429378924862536,0.09542617356595991
IMPUTED,config_kfold,SVC,standard,smoteenn,off,0.4517388626644432,0.04504184812911416,0.4571453949606583,0.3046769617315458,0.552444518380499,812,0.24776755664895322,0.09970771136104746
IMPUTED,config_kfold,SVC,standard,smote,on,0.49621246720986717,0.045239885861325366,0.4963295060749318,0.3708005353739096,0.6392221271759924,5684,0.26842159180208275,0.09117039343187582
STRICT,config_kfold,LogisticRegression,none,smoteenn,off,0.45396592480732834,0.04535966518236705,0.4533239436047837,0.3194872126586359,0.591784764562184,960,0.2722975519035481,0.09991865623310504
IMPUTED,config_kfold,LogisticRegression,standard,smoteenn,on,0.4818792570678166,0.046118900634082916,0.4820286366396349,0.3397580294085656,0.6301246523717019,6720,0.2903666229631363,0.09570634128290033
STRICT,config_kfold,LogisticRegression,robust,smoteenn,off,0.4934696553637871,0.046582999207792436,0.4962545574102615,0.3474602756742164,0.625921413107905,960,0.27846113743368855,0.09439891328971652
STRICT,config_kfold,LinearDiscriminantAnalysis,none,smote,off,0.46274693861381816,0.046642079691155094,0.46879579156368745,0.3344594315192893,0.5613434470249895,160,0.2268840155057002,0.10079392384717617
STRICT,config_kfold,LinearDiscriminantAnalysis,maxabs,undersample,on,0.47547914709483813,0.04676898228451113,0.48242836913471654,0.3695765588375151,0.5873955236924978,560,0.2178189648549827,0.09836179477116519
IMPUTED,config_kfold,SVC,standard,undersample,on,0.4856213754879207,0.04688491526635307,0.4846876647211292,0.2734140387141692,0.6306820287303001,2842,0.3572679900161309,0.09654623464472947
STRICT,config_kfold,LinearDiscriminantAnalysis,maxabs,smote,on,0.478305202259643,0.04720069959938335,0.47915637589201726,0.3483161235723625,0.6154176440013125,1120,0.26710152042894997,0.09868322438558998
STRICT,config_kfold,LinearDiscriminantAnalysis,maxabs,none,off,0.4656832690403102,0.047510276547285714,0.47350612067847186,0.3489415651760667,0.5555984748651006,40,0.20665690968903389,0.1020227259725175
STRICT,config_kfold,LinearDiscriminantAnalysis,none,none,off,0.4656832690403102,0.047510276547285714,0.47350612067847186,0.3489415651760667,0.5555984748651006,40,0.20665690968903389,0.1020227259725175
STRICT,config_kfold,LinearDiscriminantAnalysis,robust,none,off,0.4656832690403102,0.047510276547285714,0.47350612067847186,0.3489415651760667,0.5555984748651006,40,0.20665690968903389,0.1020227259725175
STRICT,config_kfold,LinearDiscriminantAnalysis,standard,none,off,0.4656832690403102,0.047510276547285714,0.47350612067847186,0.3489415651760667,0.5555984748651006,40,0.20665690968903389,0.1020227259725175
IMPUTED,config_kfold,SVC,none,smoteenn,off,0.4599876711941655,0.04774566353745174,0.4641432564579059,0.2955931477920605,0.591681173904372,812,0.29608802611231155,0.10379770269385721
STRICT,config_kfold,LogisticRegression,standard,smoteenn,off,0.4877855940602911,0.04806253234359219,0.49178990929674604,0.3467887458817555,0.6120520057604245,960,0.265263259878669,0.09853208649218857
STRICT,config_kfold,SVC,none,smoteenn,off,0.4921326176668983,0.048458904283171816,0.4872492383739533,0.3855353471495006,0.6389478068671426,900,0.253412459717642,0.09846716625470942
STRICT,config_kfold,LogisticRegression,standard,undersample,on,0.5005617871726152,0.048476733127670396,0.504111023948038,0.3349061773188097,0.6150175277925704,3360,0.2801113504737607,0.09684465408653645
IMPUTED,config_kfold,SVC,standard,smoteenn,on,0.4812638773456337,0.048518395766165436,0.481881562989532,0.3189081264015977,0.6236909872454803,5684,0.3047828608438826,0.10081453865551711
STRICT,config_kfold,SVC,standard,undersample,off,0.4700545978845223,0.04870828143596696,0.47211874420072,0.319876000840723,0.5842680225600605,450,0.2643920217193375,0.10362260395957888
STRICT,config_loo,LinearDiscriminantAnalysis,standard,smoteenn,on,0.45740808654377735,0.04874588067730326,0.4528417945174295,0.3850039121605854,0.5590935152446493,56,0.17408960308406396,0.10656978333206166
STRICT,config_kfold,SVC,robust,undersample,off,0.4731789436111308,0.04880542996356249,0.4751602152217731,0.3248243111237735,0.5831676122328207,450,0.25834330110904713,0.10314370625010716
STRICT,config_kfold,SVC,none,smote,off,0.4574778873816402,0.049050122134016175,0.4629635326305216,0.3138675488883375,0.5943923682193561,900,0.28052481933101864,0.10721856397202705
IMPUTED,config_kfold,LinearDiscriminantAnalysis,standard,undersample,on,0.48079696883772993,0.04954825133218,0.4817104549402841,0.347120196229555,0.6069361980968813,560,0.2598160018673263,0.1030544170275388
IMPUTED,config_kfold,LinearDiscriminantAnalysis,standard,smoteenn,on,0.45985245688460463,0.049903439880763005,0.4589754084485286,0.3460776025832444,0.6032020139387505,1120,0.2571244113555061,0.10852054639187407
IMPUTED,config_kfold,LogisticRegression,robust,none,off,0.4541887671662211,0.050481554462356644,0.4633063063909215,0.3069540630017005,0.5857397074948598,240,0.27878564449315935,0.11114663794378193
IMPUTED,config_kfold,LinearDiscriminantAnalysis,maxabs,undersample,on,0.4597895104055952,0.0507932989799406,0.4626211819830114,0.3132259188152942,0.5632912782461226,560,0.25006535943082836,0.110470765057546
STRICT,config_kfold,LinearDiscriminantAnalysis,standard,smote,off,0.4642408504962849,0.05097918054039542,0.46614301173956607,0.3233874358553449,0.5673814713977386,160,0.24399403554239374,0.10981192302637181
STRICT,config_kfold,SVC,standard,smoteenn,off,0.47369244034238067,0.05116876603999316,0.4791669915540957,0.3355738510712552,0.6167102556796752,900,0.28113640460842,0.10802107376467489
STRICT,config_kfold,LinearDiscriminantAnalysis,robust,smote,off,0.465362946495119,0.05232505805912587,0.47850872098526465,0.3308772004408769,0.5758001688234926,160,0.24492296838261574,0.11243924436445153
STRICT,config_loo,LinearDiscriminantAnalysis,maxabs,undersample,off,0.4530489987145031,0.05292968308546369,0.4530489987145031,0.4072105485482321,0.4988874488807742,4,0.09167690033254211,0.11682993061600004
STRICT,config_loo,LinearDiscriminantAnalysis,none,undersample,off,0.4530489987145031,0.05292968308546369,0.4530489987145031,0.4072105485482321,0.4988874488807742,4,0.09167690033254211,0.11682993061600004
STRICT,config_loo,LinearDiscriminantAnalysis,robust,undersample,off,0.4530489987145031,0.05292968308546369,0.4530489987145031,0.4072105485482321,0.4988874488807742,4,0.09167690033254211,0.11682993061600004
STRICT,config_loo,LinearDiscriminantAnalysis,standard,undersample,off,0.4530489987145031,0.05292968308546369,0.4530489987145031,0.4072105485482321,0.4988874488807742,4,0.09167690033254211,0.11682993061600004
STRICT,config_kfold,SVC,robust,smoteenn,off,0.4769606295309425,0.05318097804372791,0.4824190031995375,0.2992650871413314,0.5904454790791785,900,0.29118039193784717,0.11149972293526132
STRICT,config_kfold,LogisticRegression,standard,smoteenn,on,0.4990323611864097,0.054024242482644494,0.5035739049155842,0.2532686086875839,0.6420926690672872,6720,0.38882406037970335,0.10825799423950415
STRICT,config_kfold,LogisticRegression,standard,smote,on,0.5077580049338007,0.0541000804673684,0.5138175328433825,0.2735168453783367,0.6394989078100229,6720,0.36598206243168624,0.10654697698842135
STRICT,config_kfold,LinearDiscriminantAnalysis,maxabs,smote,off,0.46406762019905246,0.05421680374671316,0.4676717290356506,0.3110024752415518,0.5833098628242416,160,0.2723073875826898,0.11682953385857421
STRICT,config_kfold,LinearDiscriminantAnalysis,standard,undersample,on,0.4852912706146399,0.05443615618864238,0.48465118419564035,0.3248662517696908,0.6201971916330489,560,0.29533093986335807,0.11217213142881576
STRICT,config_kfold,LinearDiscriminantAnalysis,standard,smoteenn,on,0.47229450772842824,0.05445093482069793,0.4741663427709198,0.2795847362950548,0.6095740410342371,1120,0.32998930473918225,0.11529021390188916
STRICT,config_kfold,SVC,standard,undersample,on,0.4910169185898523,0.05532064739477494,0.4959223929158198,0.2918326148621903,0.6215981408039176,3150,0.3297655259417273,0.11266546080255214
STRICT,config_kfold,SVC,standard,smote,on,0.4929414406101733,0.05621192636106942,0.4945411012521209,0.2909990917018729,0.6272301558065851,6300,0.33623106410471226,0.11403367972367896
STRICT,config_kfold,LinearDiscriminantAnalysis,standard,smote,on,0.499818526360788,0.056289192019193926,0.5008990697442544,0.3143836990185079,0.6235316994456663,1120,0.30914800042715845,0.1126192588919008
STRICT,config_kfold,SVC,standard,smoteenn,on,0.49243116847284785,0.059237395267522724,0.4947041864636956,0.2920498253653786,0.6918677268047376,6300,0.399817901439359,0.12029578763511801
IMPUTED,config_loo,LogisticRegression,standard,none,on,0.45610545065275865,0.06177884301068991,0.4675917504593828,0.2420672960933697,0.5359695412604157,84,0.29390224516704605,0.13544859620132726
STRICT,config_loo,SVC,standard,smote,on,0.4811350631365751,0.06582841357759682,0.4771061411472772,-0.1856953381770519,0.6081055153583631,233,0.793800853535415,0.13681899038588827
IMPUTED,config_kfold,LogisticRegression,standard,none,on,0.4655195345779941,0.06933846130851536,0.48012236461410107,0.2105257395419872,0.5766327993581379,1680,0.36610705981615077,0.148948553515316
STRICT,config_loo,LogisticRegression,standard,none,on,0.46501982753249405,0.07255771140191278,0.4703339477104215,0.2316651961403036,0.5486395322820758,84,0.3169743361417723,0.1560314358785974
STRICT,config_kfold,LogisticRegression,standard,none,on,0.46626507693093994,0.07330041108356987,0.4755276020059984,0.2339420265287572,0.5977305787181605,1680,0.3637885521894033,0.157207594371102
IMPUTED,config_loo,LogisticRegression,maxabs,smote,on,0.4573221923366454,0.08237502426756703,0.48408746684993376,0.1419998924437279,0.5444587496987767,336,0.4024588572550488,0.180124703432124
IMPUTED,config_loo,LogisticRegression,robust,smote,on,0.45962819850485015,0.08400631454568255,0.48760661964655005,0.2116512701375709,0.5356148296984569,336,0.32396355956088596,0.18277014947940817
IMPUTED,config_loo,SVC,robust,smote,on,0.4502810137745749,0.08402903920305195,0.4714511823509503,0.1466142749996625,0.5458419513691398,229,0.3992276763694773,0.18661466202774335
IMPUTED,config_kfold,LogisticRegression,robust,undersample,on,0.4584751781827906,0.08416616173513325,0.4762722621729585,0.1071389710533046,0.6259658754599712,3360,0.5188269044066666,0.1835784481697215
IMPUTED,config_kfold,LinearDiscriminantAnalysis,robust,undersample,on,0.4468670522795882,0.08819486114653326,0.46776504180853096,0.1341030941874655,0.6149522947706044,560,0.48084920058313896,0.19736263995438402
IMPUTED,config_kfold,LogisticRegression,robust,smote,on,0.4720759437970702,0.08879458129854523,0.4945522593542973,0.090598678817494,0.6386542055109105,6720,0.5480555266934164,0.1880938490200108
IMPUTED,config_kfold,LinearDiscriminantAnalysis,robust,smote,on,0.46567173033887393,0.0897671880828155,0.4873234576353052,0.1030773935070527,0.6065512704381788,1120,0.5034738769311261,0.19276924544569418
IMPUTED,config_loo,LinearDiscriminantAnalysis,robust,smote,on,0.4612592387581143,0.09104623535315097,0.4883492802470944,0.1910767994284279,0.5372686088107569,56,0.34619180938232896,0.19738625853496644
IMPUTED,config_kfold,SVC,robust,smote,on,0.45991769651250985,0.09341303623031894,0.4822812053601958,0.0654661255123668,0.610049853051829,5592,0.5445837275394623,0.20310815813058866
IMPUTED,config_kfold,SVC,robust,undersample,on,0.45122276690468494,0.09580027699348212,0.4772384137208278,0.0659893967151537,0.6056359411822283,2796,0.5396465444670746,0.21231259595045812
STRICT,config_loo,LinearDiscriminantAnalysis,standard,none,on,0.4474463758414224,0.0964920369270595,0.4787939214116299,0.2214007864039507,0.4970873425511778,14,0.27568655614722715,0.21565050503673505
STRICT,config_loo,LogisticRegression,maxabs,smote,on,0.4553752290247414,0.09998946318319844,0.48324409799817286,0.1221593505234226,0.5603085254187569,336,0.4381491748953343,0.2195759822011878
STRICT,config_kfold,LinearDiscriminantAnalysis,robust,undersample,on,0.450061301610501,0.10384426793416038,0.47991136849368476,0.0872037656219142,0.5980405776508706,560,0.5108368120289564,0.23073360798309847
STRICT,config_kfold,LogisticRegression,robust,undersample,on,0.4641345129183381,0.1048229758139573,0.4917944152844441,0.0569150476615493,0.6093702280271891,3360,0.5524551803656398,0.22584611334947272
STRICT,config_kfold,LogisticRegression,robust,smoteenn,on,0.45755410304690625,0.10750489533667931,0.4880617811641124,0.0619374769963781,0.6751670379209198,6720,0.6132295609245417,0.23495559240053068
STRICT,config_loo,LogisticRegression,robust,smote,on,0.45436030575027964,0.10784513687520307,0.48747469107039854,0.1277780533570327,0.5810226320299953,336,0.45324457867296253,0.23735598270874414
STRICT,config_kfold,LinearDiscriminantAnalysis,robust,smote,on,0.46208803937739235,0.10819345177364584,0.49008231918695677,0.0736483474325498,0.623341555587525,1120,0.5496932081549752,0.23414034243219844
STRICT,config_kfold,LogisticRegression,robust,smote,on,0.46908516617684526,0.1088812831602393,0.5023167799161257,0.0713397221179852,0.6467845710169394,6720,0.5754448488989542,0.23211410424176795
STRICT,config_loo,LinearDiscriminantAnalysis,robust,smote,on,0.45468712755588764,0.11087384007018966,0.4873614669848471,0.1479980103053904,0.5590935152446493,56,0.41109550493925895,0.24384644594224114
IMPUTED,config_kfold,LogisticRegression,maxabs,smote,on,0.4543932087453906,0.11171628559025973,0.4838637889202851,0.0303046336338555,0.5938970508556602,6720,0.5635924172218048,0.24585817622300235
STRICT,config_loo,LogisticRegression,robust,undersample,on,0.44777269265110253,0.11199657944800301,0.48758791515595,0.1541486384550443,0.5690495105416842,168,0.41490087208663984,0.25011927097409886
STRICT,config_loo,LogisticRegression,robust,smoteenn,on,0.4477930133835249,0.11283197390954466,0.48758791515595,0.1369607336669316,0.5443880863333408,336,0.40742735266640917,0.25197350234874377
STRICT,config_kfold,SVC,robust,smote,on,0.4577847400319889,0.11332858454517646,0.4890491232906065,0.0393340687198176,0.6371202113832155,6300,0.5977861426633979,0.24755867689529654
STRICT,config_random80,LinearDiscriminantAnalysis,maxabs,none,off,0.4925396194250773,0.11609670921087965,0.4886363636363636,0.2786391062876764,0.7416198487095663,20,0.4629807424218899,0.23571039695526405
STRICT,config_random80,LinearDiscriminantAnalysis,none,none,off,0.4925396194250773,0.11609670921087965,0.4886363636363636,0.2786391062876764,0.7416198487095663,20,0.4629807424218899,0.23571039695526405
STRICT,config_random80,LinearDiscriminantAnalysis,robust,none,off,0.4925396194250773,0.11609670921087965,0.4886363636363636,0.2786391062876764,0.7416198487095663,20,0.4629807424218899,0.23571039695526405
STRICT,config_random80,LinearDiscriminantAnalysis,standard,none,off,0.4925396194250773,0.11609670921087965,0.4886363636363636,0.2786391062876764,0.7416198487095663,20,0.4629807424218899,0.23571039695526405
IMPUTED,config_random80,SVC,none,smoteenn,off,0.4560469822884212,0.11865163891203458,0.47547147964401015,0.0897303170096942,0.6666666666666666,480,0.5769363496569724,0.2601741564359148
STRICT,config_random80,LinearDiscriminantAnalysis,none,undersample,off,0.45510621551893593,0.11930569134620216,0.42924441007575714,0.2984440079997104,0.7366351076087241,40,0.4381910996090137,0.26214911437797783
STRICT,config_random80,LinearDiscriminantAnalysis,maxabs,undersample,off,0.45510621551893593,0.11930569134620218,0.42924441007575714,0.2984440079997104,0.7366351076087241,40,0.4381910996090137,0.2621491143779779
STRICT,config_random80,LinearDiscriminantAnalysis,robust,undersample,off,0.45510621551893593,0.11930569134620218,0.42924441007575714,0.2984440079997104,0.7366351076087241,40,0.4381910996090137,0.2621491143779779
STRICT,config_random80,LinearDiscriminantAnalysis,standard,undersample,off,0.45510621551893593,0.11930569134620218,0.42924441007575714,0.2984440079997104,0.7366351076087241,40,0.4381910996090137,0.2621491143779779
IMPUTED,config_random80,SVC,standard,smoteenn,off,0.46053627819247644,0.1194092465004518,0.4581228472908512,0.2182178902359923,0.7125253031944253,480,0.494307412958433,0.25928304056547297
STRICT,config_kfold,SVC,robust,undersample,on,0.45246615871184703,0.12071612009020874,0.4868381876420402,-0.0210971507028225,0.6256701542655382,3150,0.6467673049683607,0.2667959089667229
STRICT,config_strat80,LinearDiscriminantAnalysis,maxabs,smoteenn,on,0.44642954958830067,0.12087316434765495,0.4629100498862757,0.132110314132523,0.7094390134677043,560,0.5773286993351814,0.27075529489283295
STRICT,config_kfold,LogisticRegression,maxabs,smote,on,0.45419333883449786,0.12185265662699363,0.48820238688528456,0.0138675049056307,0.6416940718287195,6720,0.6278265669230888,0.26828367175018203
STRICT,config_random80,LogisticRegression,robust,smoteenn,off,0.4475446137013977,0.12288509936419924,0.4308202184276645,0.196116135138184,0.7925270806437588,480,0.5964109455055748,0.2745762000080473
IMPUTED,config_random80,LogisticRegression,standard,smoteenn,off,0.47592123686992444,0.12501880894626044,0.4581228472908512,0.1901668471529859,0.8563488385776753,480,0.6661819914246894,0.2626880232714426
STRICT,config_random80,LogisticRegression,none,smote,off,0.4628929098351174,0.12526265181912044,0.4308202184276645,0.1956463952178073,0.8295454545454546,480,0.6338990593276472,0.27060827495443607
STRICT,config_random80,SVC,none,smoteenn,off,0.4661129260142103,0.12541603068755738,0.47575621265314805,0.1,0.8528028654224417,456,0.7528028654224417,0.2690679097016371
STRICT,config_strat80,LinearDiscriminantAnalysis,maxabs,smoteenn,off,0.44861301573693374,0.12564678178334696,0.4550466375675794,0.1749635530559413,0.7094390134677043,80,0.534475460411763,0.2800783244706973
STRICT,config_random80,LogisticRegression,none,none,off,0.4909944281325463,0.12617806101080206,0.4796874435475382,0.2132007163556104,0.82915619758885,120,0.6159554812332395,0.25698471058156225
IMPUTED,config_random80,LogisticRegression,none,smoteenn,off,0.4590495781144898,0.1268157835359404,0.4547940268270977,0.1428571428571428,0.7419408268023742,480,0.5990836839452314,0.2762572706347456
IMPUTED,config_random80,LogisticRegression,standard,undersample,on,0.4955513002439524,0.1271030563368609,0.492658951723038,0.1136584015456127,0.8563488385776753,1680,0.7426904370320626,0.25648819057540556
IMPUTED,config_strat80,LinearDiscriminantAnalysis,maxabs,none,on,0.47057816608900793,0.12906178164870427,0.48724053883425567,0.1780684930865855,0.7679476477883045,140,0.589879154701719,0.2742621544075055
STRICT,config_strat80,LogisticRegression,standard,none,off,0.45512685492321364,0.13016686016492654,0.4879500364742665,0.1614681617175281,0.7715167498104595,120,0.6100485880929314,0.28600127361609445
STRICT,config_random80,LogisticRegression,none,undersample,off,0.44765686836965857,0.13075576741080844,0.4276686017238498,0.2624453295839119,0.7566444492037344,240,0.4941991196198225,0.2920892689237935
IMPUTED,config_strat80,SVC,robust,none,off,0.4713098361605708,0.13158504758247078,0.4414147946478204,0.1838924281224568,0.687932430407656,120,0.5040400022851992,0.2791901154756316
STRICT,config_strat80,LinearDiscriminantAnalysis,maxabs,none,off,0.48156992315065705,0.13162159256986405,0.49856255684579104,0.2182178902359923,0.6825396825396826,20,0.46432179230369025,0.2733177182427292
STRICT,config_strat80,LinearDiscriminantAnalysis,none,none,off,0.48156992315065705,0.13162159256986405,0.49856255684579104,0.2182178902359923,0.6825396825396826,20,0.46432179230369025,0.2733177182427292
STRICT,config_strat80,LinearDiscriminantAnalysis,robust,none,off,0.48156992315065705,0.13162159256986405,0.49856255684579104,0.2182178902359923,0.6825396825396826,20,0.46432179230369025,0.2733177182427292
STRICT,config_strat80,LinearDiscriminantAnalysis,standard,none,off,0.48156992315065705,0.13162159256986405,0.49856255684579104,0.2182178902359923,0.6825396825396826,20,0.46432179230369025,0.2733177182427292
IMPUTED,config_random80,LogisticRegression,none,smote,off,0.49050900677852194,0.13199856889164285,0.4938291646584311,0.2321726094326961,0.8320502943378436,480,0.5998776849051475,0.26910529076430145
STRICT,config_strat80,SVC,none,smoteenn,off,0.4976687572026481,0.13209856196711703,0.5017840908171767,0.1749635530559413,0.7715167498104595,480,0.5965531967545181,0.26543470944334807
IMPUTED,config_random80,LogisticRegression,standard,smote,off,0.48667264158313217,0.13273772288769106,0.4938291646584311,0.2,0.7679476477883045,480,0.5679476477883045,0.2727453971028637
IMPUTED,config_strat80,SVC,standard,none,off,0.4694926871245008,0.13359914864482378,0.4414147946478204,0.1838924281224568,0.7679476477883045,120,0.5840552196658477,0.28456065942811104
STRICT,config_strat80,LogisticRegression,none,smoteenn,off,0.4520077089189048,0.1346209416228238,0.4276686017238498,0.132110314132523,0.8412698412698413,480,0.7091595271373183,0.29782886213335863
IMPUTED,config_random80,LinearDiscriminantAnalysis,standard,smoteenn,on,0.4556020139740875,0.1352800638422044,0.4475323507759939,0.0924500327042048,0.8563488385776753,560,0.7638988058734705,0.2969259566308644
IMPUTED,config_random80,LogisticRegression,standard,smoteenn,on,0.48553964873555056,0.1353332019610758,0.4729696357398171,0.0436435780471984,0.8563488385776753,3360,0.8127052605304769,0.27872739602937163
IMPUTED,config_random80,SVC,standard,smote,off,0.48284061286861424,0.13610416914805268,0.4676593023870102,0.2270531400966183,0.8320502943378436,480,0.6049971542412254,0.2818821895271846
STRICT,config_strat80,LinearDiscriminantAnalysis,maxabs,undersample,on,0.45864447260027047,0.13630716703820328,0.4665694748158434,0.1614681617175281,0.7094390134677043,280,0.5479708517501762,0.2971957042574046
IMPUTED,config_strat80,GaussianNB,maxabs,smote,off,0.454276659961877,0.1363509285170858,0.40633714567003787,0.2789579047098707,0.8459051693633014,240,0.5669472646534307,0.30014953559033475
STRICT,config_strat80,LogisticRegression,robust,none,off,0.4532814393582644,0.13742084568685947,0.4629100498862757,0.1614681617175281,0.7715167498104595,120,0.6100485880929314,0.3031689227809852
IMPUTED,config_random80,SVC,robust,smoteenn,off,0.44724438623113055,0.13758056366162982,0.4476190476190476,0.0052540693749273,0.7624437362098716,480,0.7571896668349443,0.3076183131576074
IMPUTED,config_random80,SVC,standard,smoteenn,on,0.4743577154955824,0.13774255423242213,0.4700159919404217,0.0,0.8563488385776753,3360,0.8563488385776753,0.2903769660171257
IMPUTED,config_random80,LinearDiscriminantAnalysis,none,smote,off,0.4902910134337257,0.13875398862164764,0.4805092388636314,0.2335496832484568,0.7679476477883045,80,0.5343979645398477,0.28300332826802566
IMPUTED,config_random80,LogisticRegression,standard,smote,on,0.5038366044509932,0.13946338080679171,0.4970501217477084,0.1136584015456127,0.8563488385776753,3360,0.7426904370320626,0.2768027959357148
IMPUTED,config_random80,LinearDiscriminantAnalysis,maxabs,undersample,on,0.4946360855936095,0.14045299857815058,0.48687298371029364,0.233298824225205,0.8563488385776753,280,0.6230500143524703,0.28395218761606095
IMPUTED,config_strat80,GaussianNB,none,undersample,off,0.48437022478064234,0.1407387409273339,0.5034847357280339,0.1488652989562745,0.6908212560386473,120,0.5419559570823728,0.29056026511759786
IMPUTED,config_strat80,GaussianNB,maxabs,undersample,off,0.48437022478064234,0.14073874092733393,0.5034847357280339,0.1488652989562745,0.6908212560386473,120,0.5419559570823728,0.2905602651175979
IMPUTED,config_strat80,GaussianNB,robust,undersample,off,0.48437022478064234,0.14073874092733393,0.5034847357280339,0.1488652989562745,0.6908212560386473,120,0.5419559570823728,0.2905602651175979
IMPUTED,config_strat80,GaussianNB,standard,undersample,off,0.48437022478064234,0.14073874092733393,0.5034847357280339,0.1488652989562745,0.6908212560386473,120,0.5419559570823728,0.2905602651175979
IMPUTED,config_random80,LogisticRegression,robust,smote,off,0.48745765259910784,0.14134046712594844,0.48378865373226965,0.1326193317473155,0.7679476477883045,480,0.635328316040989,0.2899543506442576
IMPUTED,config_strat80,LogisticRegression,none,undersample,off,0.5085263904947632,0.14245863122741165,0.5266597241998389,0.2270531400966183,0.8075728530872482,240,0.5805197129906299,0.2801400947722863
IMPUTED,config_random80,SVC,none,smote,off,0.4742220385366023,0.14285010022590797,0.4730684412529962,0.1488652989562745,0.8320502943378436,480,0.6831849953815691,0.3012304123754515
IMPUTED,config_random80,LogisticRegression,standard,undersample,off,0.4771662315848042,0.14312546851302108,0.4702759709795405,0.1136584015456127,0.7679476477883045,240,0.6542892462426918,0.2999488627635297
IMPUTED,config_strat80,LinearDiscriminantAnalysis,standard,none,on,0.4833543782902676,0.14340788848659586,0.4596940590980118,0.0556483802745148,0.7679476477883045,140,0.7122992675137897,0.29669305778063204
IMPUTED,config_strat80,LinearDiscriminantAnalysis,maxabs,undersample,off,0.5049628739650528,0.14345398215547478,0.5278622408751513,0.2270531400966183,0.7092993656151906,40,0.48224622551857227,0.28408817667930747
IMPUTED,config_strat80,LinearDiscriminantAnalysis,none,undersample,off,0.5049628739650528,0.14345398215547478,0.5278622408751513,0.2270531400966183,0.7092993656151906,40,0.48224622551857227,0.28408817667930747
IMPUTED,config_strat80,LinearDiscriminantAnalysis,robust,undersample,off,0.5049628739650528,0.14345398215547478,0.5278622408751513,0.2270531400966183,0.7092993656151906,40,0.48224622551857227,0.28408817667930747
IMPUTED,config_strat80,LinearDiscriminantAnalysis,standard,undersample,off,0.5049628739650528,0.14345398215547478,0.5278622408751513,0.2270531400966183,0.7092993656151906,40,0.48224622551857227,0.28408817667930747
STRICT,config_strat80,SVC,robust,smote,off,0.45022669713654545,0.14384662035933868,0.4629100498862757,0.1543033499620919,0.7715167498104595,480,0.6172133998483675,0.3194982022927722
IMPUTED,config_random80,LogisticRegression,robust,smoteenn,off,0.46513621978484776,0.14434355474297172,0.4528709474549494,0.0052540693749273,0.7977240352174656,480,0.7924699658425383,0.31032533826271136
IMPUTED,config_random80,LogisticRegression,robust,undersample,off,0.4825021324813706,0.1452570885876186,0.4526019054848144,0.1136584015456127,0.7679476477883045,240,0.6542892462426918,0.30104963026920295
IMPUTED,config_strat80,LinearDiscriminantAnalysis,maxabs,undersample,on,0.503752858758714,0.14684744197373173,0.5266597241998389,0.1326193317473155,0.8454106280193237,280,0.7127912962720082,0.2915069153861979
STRICT,config_strat80,LinearDiscriminantAnalysis,standard,undersample,on,0.4534383746893829,0.1470672774890529,0.4629100498862757,-0.0291605921759902,0.7094390134677043,280,0.7385996056436945,0.3243379601247861
STRICT,config_random80,LogisticRegression,robust,undersample,off,0.47197024039553265,0.14765809773168428,0.4796874435475382,0.2078698548207745,0.8295454545454546,240,0.6216755997246801,0.31285467831179364
IMPUTED,config_random80,LinearDiscriminantAnalysis,standard,undersample,on,0.4858477460494008,0.1479603465680774,0.49543964320306977,0.1488652989562745,0.8320502943378436,280,0.6831849953815691,0.3045405639342677
IMPUTED,config_random80,LinearDiscriminantAnalysis,maxabs,smote,off,0.47532638050819953,0.14839631861768096,0.44447357271190713,0.2270531400966183,0.7679476477883045,80,0.5408945076916862,0.312198785304156
STRICT,config_random80,LogisticRegression,standard,undersample,on,0.47446095898959534,0.14870576136963287,0.4796874435475382,0.1056611296654027,0.8528028654224417,1680,0.7471417357570389,0.31342043755573556
IMPUTED,config_random80,LinearDiscriminantAnalysis,standard,smote,off,0.46497518880516553,0.1492275106580684,0.44431419507388914,0.2270531400966183,0.7679476477883045,80,0.5408945076916862,0.3209365020992505
STRICT,config_strat80,LinearDiscriminantAnalysis,none,smoteenn,off,0.45116895995826434,0.14955647922839244,0.48051340201158727,0.132110314132523,0.7094390134677043,80,0.5773286993351814,0.33148663250731447
STRICT,config_random80,LogisticRegression,standard,undersample,off,0.4756612431848802,0.14979249857294727,0.4796874435475382,0.2078698548207745,0.8295454545454546,240,0.6216755997246801,0.31491423932289114
STRICT,config_strat80,LogisticRegression,standard,smote,off,0.46786795140692805,0.14990815941637234,0.4987413913553295,0.1056611296654027,0.7715167498104595,480,0.6658556201450567,0.3204069844185368
IMPUTED,config_strat80,LogisticRegression,standard,undersample,on,0.5227404727270991,0.15005945744553723,0.5266597241998389,0.1313517343731834,0.92783056924063,1680,0.7964788348674466,0.2870630174524041
STRICT,config_strat80,LogisticRegression,robust,smote,off,0.46179662310650804,0.15096601463841272,0.4987413913553295,0.1543033499620919,0.7715167498104595,480,0.6172133998483675,0.326910174489505
IMPUTED,config_strat80,LinearDiscriminantAnalysis,standard,undersample,on,0.5216701196271125,0.15107405358858772,0.5266597241998389,0.1203858530857692,0.92783056924063,280,0.8074447161548608,0.2895969079014431
IMPUTED,config_strat80,LogisticRegression,robust,undersample,off,0.522634455527934,0.1520475651420268,0.5516772843673705,0.1326193317473155,0.8643121965600912,240,0.7316928648127756,0.2909252605407301
IMPUTED,config_strat80,LogisticRegression,standard,undersample,off,0.5167795132853895,0.15249524693655483,0.5266597241998389,0.1326193317473155,0.8643121965600912,240,0.7316928648127756,0.29508763992418546
IMPUTED,config_strat80,GaussianNB,none,smote,off,0.44905354065663716,0.15273513926209736,0.4290823322857326,0.1780684930865855,0.8459051693633014,240,0.6678366762767158,0.34012678986732287
IMPUTED,config_random80,LinearDiscriminantAnalysis,standard,smote,on,0.49438618402409146,0.15321414708820133,0.4938291646584311,0.0812362394459923,0.8563488385776753,560,0.775112599131683,0.30990782517647214
STRICT,config_random80,LogisticRegression,none,smoteenn,off,0.469475010940793,0.15322065438794946,0.431794300167913,0.1543033499620919,0.8528028654224417,480,0.6984995154603497,0.32636594241918576
STRICT,config_random80,LogisticRegression,standard,smoteenn,on,0.45849210554564485,0.15354240337084887,0.4588314677411235,0.0307728727448331,0.8528028654224417,3360,0.8220299926776086,0.33488559893113157
STRICT,config_strat80,SVC,standard,undersample,on,0.45264078380111716,0.15356972404279506,0.4629100498862757,-0.0291605921759902,0.7715167498104595,1680,0.8006773419864497,0.3392750488658376
IMPUTED,config_strat80,LinearDiscriminantAnalysis,maxabs,smoteenn,off,0.44788356608490343,0.1537527951509289,0.46297041778830694,0.0897303170096942,0.8075728530872482,80,0.717842536077554,0.3432874228785225
IMPUTED,config_random80,SVC,robust,smote,off,0.49176488142244584,0.15403320823310673,0.48344880295571363,0.1733842893726021,0.8320502943378436,480,0.6586660049652415,0.3132253116317715
IMPUTED,config_random80,LinearDiscriminantAnalysis,robust,smote,off,0.4723648893345514,0.15442227678532677,0.4817813765182186,0.1697642866754941,0.7679476477883045,80,0.5981833611128105,0.3269131137220437
IMPUTED,config_random80,LogisticRegression,standard,none,off,0.450103741659526,0.15467889686757771,0.4473729731379759,0.188674014103383,0.7141684885491869,120,0.5254944744458039,0.343651657498511
IMPUTED,config_random80,SVC,standard,smote,on,0.4846699838043335,0.1546920294513254,0.4730684412529962,0.1136584015456127,0.8563488385776753,3360,0.7426904370320626,0.3191698157932063
IMPUTED,config_strat80,GaussianNB,standard,undersample,on,0.47656625069972663,0.15499312551360228,0.47986975413677513,0.1488652989562745,0.8454106280193237,840,0.6965453290630491,0.3252289168316702
IMPUTED,config_random80,SVC,robust,undersample,off,0.4681973940549002,0.15523038152296922,0.4676593023870102,0.1733842893726021,0.8320502943378436,240,0.6586660049652415,0.33154900794848746
STRICT,config_random80,LogisticRegression,standard,smote,off,0.46863296311138813,0.15523422762969033,0.4308202184276645,0.25,0.8528028654224417,480,0.6028028654224417,0.3312490581094551
IMPUTED,config_strat80,GaussianNB,standard,smote,on,0.4491007167613513,0.15525692335079103,0.4252964776724258,0.1326193317473155,0.8454106280193237,1680,0.7127912962720082,0.34570624707618397
IMPUTED,config_strat80,LogisticRegression,standard,none,on,0.510882564213638,0.15545442498230339,0.5096447293679518,0.0897303170096942,0.92783056924063,840,0.8381002522309358,0.3042860255401011
IMPUTED,config_strat80,LogisticRegression,robust,none,off,0.5224685003558674,0.15549585703003999,0.5266597241998389,0.1326193317473155,0.92783056924063,120,0.7952112374933145,0.29761766867117834
STRICT,config_strat80,LinearDiscriminantAnalysis,maxabs,smote,on,0.4777333550757446,0.15573186036732736,0.5048267902790238,0.1166423687039608,0.7715167498104595,560,0.6548743811064986,0.32598071437284526
IMPUTED,config_random80,LogisticRegression,none,none,off,0.46020463687242025,0.15589723776313388,0.4511631888015458,0.2182178902359924,0.7419408268023742,120,0.5237229365663818,0.33875633853370396
STRICT,config_random80,LogisticRegression,standard,none,off,0.478230308805906,0.15689104526246997,0.4803844614152614,0.2132007163556104,0.8528028654224417,120,0.6396021490668313,0.3280658761553852
IMPUTED,config_random80,LinearDiscriminantAnalysis,maxabs,undersample,off,0.4630600136950325,0.1570762304396552,0.45176867919282215,0.1136584015456127,0.7679476477883045,40,0.6542892462426918,0.3392135485555104
IMPUTED,config_random80,LinearDiscriminantAnalysis,none,undersample,off,0.4630600136950325,0.1570762304396552,0.45176867919282215,0.1136584015456127,0.7679476477883045,40,0.6542892462426918,0.3392135485555104
IMPUTED,config_random80,LinearDiscriminantAnalysis,robust,undersample,off,0.4630600136950325,0.1570762304396552,0.45176867919282215,0.1136584015456127,0.7679476477883045,40,0.6542892462426918,0.3392135485555104
IMPUTED,config_random80,LinearDiscriminantAnalysis,standard,undersample,off,0.4630600136950325,0.1570762304396552,0.45176867919282215,0.1136584015456127,0.7679476477883045,40,0.6542892462426918,0.3392135485555104
IMPUTED,config_strat80,LinearDiscriminantAnalysis,maxabs,smoteenn,on,0.45231569935318944,0.15749869299790464,0.4505243048141937,0.0486473329926243,0.8454106280193237,560,0.7967632950266994,0.34820523192789343
STRICT,config_random80,LogisticRegression,robust,smote,off,0.4566574835964163,0.1577681885307677,0.4161491018758874,0.2063492063492063,0.9148532788043832,480,0.7085040724551769,0.34548473242628325
STRICT,config_random80,LinearDiscriminantAnalysis,standard,undersample,on,0.45345242988168794,0.1578869816065346,0.4308202184276645,0.1056611296654027,0.7925270806437588,280,0.6868659509783561,0.34818863281365486
STRICT,config_random80,SVC,standard,smoteenn,on,0.45753522504438976,0.1583717986371839,0.4629100498862757,0.0237624228260878,0.8528028654224417,3192,0.8290404425963539,0.346141214857979
STRICT,config_random80,LinearDiscriminantAnalysis,robust,smote,off,0.46702627622150955,0.15876599334057864,0.4276686017238498,0.1956463952178073,0.8295454545454546,80,0.6338990593276472,0.3399508794774457
STRICT,config_random80,LinearDiscriminantAnalysis,maxabs,smote,off,0.456220722812564,0.15910481689043912,0.42924441007575714,0.1543033499620919,0.8295454545454546,80,0.6752421045833626,0.3487452650321773
STRICT,config_random80,LinearDiscriminantAnalysis,standard,smote,off,0.46176848876786003,0.15914629136960382,0.4641111023447422,0.1543033499620919,0.8295454545454546,80,0.6752421045833626,0.3446451961117029
IMPUTED,config_random80,SVC,standard,undersample,on,0.4812940319235101,0.15927455830533857,0.4938291646584311,0.0897303170096942,0.8320502943378436,1680,0.7423199773281495,0.3309298427590961
IMPUTED,config_strat80,GaussianNB,robust,smote,on,0.46801325617102046,0.15945493417422935,0.4732058754737091,-0.0401286176952564,0.8459051693633014,1680,0.8860337870585578,0.34070602076271456
STRICT,config_strat80,LogisticRegression,standard,undersample,on,0.4497158728465876,0.1596255197364605,0.4665694748158434,-0.0291605921759902,0.7566444492037344,1680,0.7858050413797246,0.3549474887912481
IMPUTED,config_strat80,LogisticRegression,none,none,off,0.5437360855747018,0.1598009624044091,0.5439545842126707,0.1780684930865855,0.92783056924063,120,0.7497620761540444,0.29389434809261833
IMPUTED,config_strat80,LogisticRegression,robust,undersample,on,0.49998903529009103,0.15992601708183105,0.5266597241998389,-0.1224264366039326,0.8643121965600912,1680,0.9867386331640238,0.3198590484870189
IMPUTED,config_strat80,SVC,standard,smoteenn,on,0.5175944338511156,0.15993097386739788,0.5235477814280327,0.0486473329926243,1.0,3360,0.9513526670073758,0.30898897555262644
IMPUTED,config_random80,SVC,standard,undersample,off,0.46588578135218134,0.16010979418492294,0.46772801949736664,0.1326193317473155,0.8320502943378436,240,0.6994309625905282,0.3436674837343655
IMPUTED,config_strat80,LogisticRegression,none,smoteenn,off,0.5048884432056985,0.1608262705816785,0.5516772843673705,0.1901668471529859,0.92783056924063,480,0.7376637220876441,0.31853822907995477
STRICT,config_random80,SVC,standard,undersample,on,0.45584869854447296,0.16082914775901508,0.472455591261534,0.0,0.8528028654224417,1596,0.8528028654224417,0.3528125631871788
IMPUTED,config_strat80,LinearDiscriminantAnalysis,robust,undersample,on,0.4937909448408612,0.1618800324131673,0.5204358386562267,-0.077766274741735,0.7624437362098716,280,0.8402100109516066,0.3278311076873594
STRICT,config_random80,LogisticRegression,robust,none,off,0.4569626412475321,0.16191825808300975,0.4803844614152614,0.0,0.82915619758885,120,0.82915619758885,0.35433587665058214
IMPUTED,config_strat80,LinearDiscriminantAnalysis,maxabs,none,off,0.48188161713903616,0.16203236430180543,0.49607021632979176,0.2270531400966183,0.7679476477883045,20,0.5408945076916862,0.3362493163026275
IMPUTED,config_strat80,LinearDiscriminantAnalysis,none,none,off,0.48188161713903616,0.16203236430180543,0.49607021632979176,0.2270531400966183,0.7679476477883045,20,0.5408945076916862,0.3362493163026275
IMPUTED,config_strat80,LinearDiscriminantAnalysis,robust,none,off,0.48188161713903616,0.16203236430180543,0.49607021632979176,0.2270531400966183,0.7679476477883045,20,0.5408945076916862,0.3362493163026275
IMPUTED,config_strat80,LinearDiscriminantAnalysis,standard,none,off,0.48188161713903616,0.16203236430180543,0.49607021632979176,0.2270531400966183,0.7679476477883045,20,0.5408945076916862,0.3362493163026275
STRICT,config_strat80,LinearDiscriminantAnalysis,standard,smote,on,0.4800257500658139,0.16238064790180495,0.5048267902790238,-0.0291605921759902,0.8412698412698413,560,0.8704304334458315,0.3382748693784485
IMPUTED,config_strat80,RandomForestClassifier,maxabs,none,off,0.4533729154422795,0.16250024370308552,0.4127594582445936,0.1088139926032724,0.8459051693633014,1440,0.737091176760029,0.35842512458990067
IMPUTED,config_strat80,RandomForestClassifier,standard,none,off,0.4542330794896749,0.1625460108109545,0.4127594582445936,0.1088139926032724,0.8459051693633014,1440,0.737091176760029,0.35784714533246426
IMPUTED,config_strat80,RandomForestClassifier,none,none,off,0.45504914313231193,0.16286823050129343,0.4252964776724258,0.1088139926032724,0.8459051693633014,1440,0.737091176760029,0.3579134978261836
STRICT,config_random80,LogisticRegression,standard,smote,on,0.4815795130313094,0.16297738251329313,0.4796874435475382,0.0321744726043893,0.9211323729436768,3360,0.8889579003392875,0.3384225825709021
IMPUTED,config_strat80,RandomForestClassifier,robust,none,off,0.4556413590516956,0.16343777299922352,0.4127594582445936,0.1088139926032724,0.8459051693633014,1440,0.737091176760029,0.358698282656734
IMPUTED,config_strat80,SVC,standard,undersample,on,0.5267564589464829,0.1636125023246274,0.5266597241998389,0.1326193317473155,0.92783056924063,1680,0.7952112374933145,0.3106036946406954
IMPUTED,config_strat80,SVC,robust,smoteenn,off,0.48721911049680117,0.16374804521789074,0.5096447293679518,0.0897303170096942,0.92783056924063,480,0.8381002522309358,0.33608707394691945
IMPUTED,config_strat80,LogisticRegression,standard,smote,on,0.5439172489954774,0.1647580949126942,0.5266597241998389,0.1326193317473155,0.92783056924063,3360,0.7952112374933145,0.30291022249611377
IMPUTED,config_strat80,LogisticRegression,robust,smoteenn,off,0.47914257444109026,0.16482341890788527,0.4845437118523489,0.0486473329926243,0.8643121965600912,480,0.8156648635674669,0.3439966049774398
IMPUTED,config_strat80,LogisticRegression,standard,none,off,0.5256916306793259,0.16502994200929738,0.5266597241998389,0.0897303170096942,0.92783056924063,120,0.8381002522309358,0.3139291789675958
IMPUTED,config_strat80,LogisticRegression,none,smote,off,0.5499830448362022,0.16516845497779614,0.5691908489504616,0.1326193317473155,0.9229582069908971,480,0.7903388752435816,0.3003155397762983
IMPUTED,config_random80,LogisticRegression,none,undersample,off,0.46474621322908977,0.16567038649681465,0.4475323507759939,0.0812362394459923,0.7679476477883045,240,0.6867114083423121,0.35647495725833894
STRICT,config_random80,LinearDiscriminantAnalysis,none,smote,off,0.4546604629186488,0.1658546555998012,0.47129874671690697,0.1,0.8295454545454546,80,0.7295454545454546,0.3647879442498987
IMPUTED,config_strat80,LogisticRegression,standard,smoteenn,on,0.5099104619912755,0.16603640655530705,0.5204358386562267,0.0486473329926243,1.0,3360,0.9513526670073758,0.3256187486464004
STRICT,config_random80,SVC,standard,smote,off,0.4502421301396921,0.16679347906485753,0.4308202184276645,0.1056611296654027,0.9148532788043832,456,0.8091921491389804,0.37045284725600464
IMPUTED,config_strat80,LinearDiscriminantAnalysis,maxabs,smote,on,0.525193788809191,0.16767120979494876,0.5266597241998389,0.0897303170096942,0.92783056924063,560,0.8381002522309358,0.319255888717042
IMPUTED,config_strat80,SVC,standard,smoteenn,off,0.49211076305053475,0.1680583259317078,0.5174307236488221,0.0897303170096942,1.0,480,0.9102696829903059,0.3415050808682474
IMPUTED,config_strat80,LinearDiscriminantAnalysis,standard,smoteenn,on,0.49072600884338635,0.1684191288914807,0.4865336327998411,0.0486473329926243,1.0,560,0.9513526670073758,0.3432039994954315
IMPUTED,config_strat80,SVC,standard,undersample,off,0.5224225017277089,0.16935231446164714,0.5266597241998389,0.1326193317473155,0.8643121965600912,240,0.7316928648127756,0.3241673432931781
IMPUTED,config_random80,LogisticRegression,standard,none,on,0.45083194813574545,0.16936535906316633,0.4547940268270977,0.0,0.8563488385776753,840,0.8563488385776753,0.37567293037575594
IMPUTED,config_random80,LinearDiscriminantAnalysis,maxabs,smote,on,0.47396735071553164,0.1711290824040743,0.4526019054848144,0.0222222222222222,0.8563488385776753,560,0.834126616355453,0.36105668912790473
IMPUTED,config_strat80,LogisticRegression,robust,smote,on,0.5216424435047916,0.17161922467206062,0.5266597241998389,-0.1628761506227475,0.92783056924063,3360,1.0907067198633775,0.32899781604999745
IMPUTED,config_strat80,LinearDiscriminantAnalysis,standard,smote,on,0.5403239611524084,0.17174571030309754,0.5266597241998389,0.1326193317473155,0.92783056924063,560,0.7952112374933145,0.31785692038679264
IMPUTED,config_strat80,LogisticRegression,standard,smote,off,0.5546033166541978,0.17239485523492232,0.5691908489504616,0.1326193317473155,0.92783056924063,480,0.7952112374933145,0.3108435345734016
STRICT,config_random80,LinearDiscriminantAnalysis,maxabs,undersample,on,0.45341754671681506,0.17253509039174503,0.4276686017238498,0.0,0.9211323729436768,280,0.9211323729436768,0.38052142366581804
IMPUTED,config_strat80,SVC,standard,smote,on,0.5569975968330289,0.17269281711976137,0.5691908489504616,0.1326193317473155,1.0,3360,0.8673806682526846,0.3100423019805766
IMPUTED,config_strat80,SVC,robust,smote,off,0.5641786037552498,0.17271616290588157,0.5716350506349809,0.1326193317473155,1.0,480,0.8673806682526846,0.3061373858495505
IMPUTED,config_strat80,SVC,none,smote,off,0.5385875847465392,0.1730136750808283,0.5362318840579711,0.1326193317473155,0.92783056924063,480,0.7952112374933145,0.321235914047757
IMPUTED,config_strat80,LogisticRegression,robust,smote,off,0.5624643861395409,0.17321117027108812,0.5716350506349809,0.0897303170096942,1.0,480,0.9102696829903059,0.3079504668018509
IMPUTED,config_strat80,LogisticRegression,robust,smoteenn,on,0.46935860320781303,0.1738517999762759,0.4865336327998411,-0.0538381902058165,0.92783056924063,3360,0.9816687594464465,0.3704029260102884
IMPUTED,config_strat80,LogisticRegression,standard,smoteenn,off,0.48817436120850105,0.1739673583546107,0.5174307236488221,0.0486473329926243,0.92783056924063,480,0.8791832362480058,0.35636316074434027
STRICT,config_random80,SVC,standard,smote,on,0.4632480753259554,0.17413890276613234,0.472455591261534,0.070869157725464,0.9211323729436768,3192,0.8502632152182128,0.375908529449589
IMPUTED,config_strat80,SVC,none,smoteenn,off,0.5007479171488539,0.17430587510837606,0.5266597241998389,0.1901668471529859,1.0,480,0.8098331528470141,0.3480910636649964
IMPUTED,config_strat80,SVC,robust,undersample,off,0.525540526430951,0.17479460713495146,0.5266597241998389,0.1326193317473155,0.92783056924063,240,0.7952112374933145,0.3325996728016696
IMPUTED,config_strat80,SVC,standard,smote,off,0.5599930434262126,0.17500732554996634,0.5691908489504616,0.1326193317473155,1.0,480,0.8673806682526846,0.31251696356657716
IMPUTED,config_random80,LinearDiscriminantAnalysis,maxabs,none,off,0.4498384544339616,0.17557225435225304,0.4058961655584936,0.0975900072948533,0.7141684885491869,20,0.6165784812543336,0.39030067932537743
IMPUTED,config_random80,LinearDiscriminantAnalysis,none,none,off,0.4498384544339616,0.17557225435225304,0.4058961655584936,0.0975900072948533,0.7141684885491869,20,0.6165784812543336,0.39030067932537743
IMPUTED,config_random80,LinearDiscriminantAnalysis,robust,none,off,0.4498384544339616,0.17557225435225304,0.4058961655584936,0.0975900072948533,0.7141684885491869,20,0.6165784812543336,0.39030067932537743
IMPUTED,config_random80,LinearDiscriminantAnalysis,standard,none,off,0.4498384544339616,0.17557225435225304,0.4058961655584936,0.0975900072948533,0.7141684885491869,20,0.6165784812543336,0.39030067932537743
IMPUTED,config_strat80,LinearDiscriminantAnalysis,robust,smote,on,0.5120118830493534,0.17582776607125603,0.5266597241998389,-0.0401286176952564,0.92783056924063,560,0.9679591869358865,0.34340563547879177
IMPUTED,config_strat80,LinearDiscriminantAnalysis,none,smote,off,0.5410012401698248,0.17768246614597405,0.5266597241998389,0.1326193317473155,0.92783056924063,80,0.7952112374933145,0.3284326410974549
IMPUTED,config_strat80,SVC,none,undersample,off,0.497441323138862,0.17787236502196221,0.4732058754737091,0.0281160778557766,0.92783056924063,240,0.8997144913848534,0.3575745655780766
STRICT,config_strat80,SVC,standard,smote,on,0.46785162007054554,0.17822182556115687,0.5048267902790238,-0.0291605921759902,0.9211323729436768,3360,0.950292965119667,0.380936642977283
STRICT,config_strat80,LogisticRegression,standard,smote,on,0.47275728951249957,0.17823127198985453,0.5091750772173156,-0.0291605921759902,0.8427009716003844,3360,0.8718615637763746,0.37700375212330206
IMPUTED,config_strat80,LogisticRegression,maxabs,smote,off,0.4678517542980637,0.1782620259426854,0.4865336327998411,0.0,0.8454106280193237,480,0.8454106280193237,0.3810224591551204
IMPUTED,config_strat80,LinearDiscriminantAnalysis,maxabs,smote,off,0.5534500711516629,0.1783224025237573,0.5931802201345258,0.1780684930865855,0.92783056924063,80,0.7497620761540444,0.3222014266845966
IMPUTED,config_random80,LogisticRegression,robust,smote,on,0.4644561075985721,0.17927561613201182,0.4526019054848144,-0.1636363636363636,0.8563488385776753,3360,1.019985202214039,0.3859904374149368
IMPUTED,config_strat80,LogisticRegression,robust,none,on,0.48263765406474923,0.17950238181868822,0.4965077541203082,0.0,0.92783056924063,840,0.92783056924063,0.37191955560642337
IMPUTED,config_random80,LogisticRegression,robust,undersample,on,0.459077456033232,0.17982112998602415,0.4526019054848144,-0.1348399724926484,0.8563488385776753,1680,0.9911888110703237,0.39170106835524315
IMPUTED,config_strat80,LinearDiscriminantAnalysis,robust,smote,off,0.5333872702210154,0.18005742988090712,0.5266597241998389,0.1780684930865855,0.92783056924063,80,0.7497620761540444,0.3375735416525748
STRICT,config_random80,LogisticRegression,standard,none,on,0.4586522259730614,0.18109391988760312,0.4522670168666454,0.0,0.8528028654224417,840,0.8528028654224417,0.3948392913680954
IMPUTED,config_strat80,GaussianNB,maxabs,none,off,0.46245306646704193,0.18127468858544532,0.4728661581643262,0.1136584015456127,0.687932430407656,60,0.5742740288620433,0.39198505044049564
IMPUTED,config_strat80,GaussianNB,none,none,off,0.46245306646704193,0.18127468858544532,0.4728661581643262,0.1136584015456127,0.687932430407656,60,0.5742740288620433,0.39198505044049564
IMPUTED,config_strat80,GaussianNB,robust,none,off,0.46245306646704193,0.18127468858544532,0.4728661581643262,0.1136584015456127,0.687932430407656,60,0.5742740288620433,0.39198505044049564
IMPUTED,config_strat80,GaussianNB,standard,none,off,0.46245306646704193,0.18127468858544532,0.4728661581643262,0.1136584015456127,0.687932430407656,60,0.5742740288620433,0.39198505044049564
IMPUTED,config_strat80,LinearDiscriminantAnalysis,none,smoteenn,off,0.48416482518409965,0.1822691374738475,0.5174307236488221,0.1488652989562745,0.92783056924063,80,0.7789652702843555,0.3764609240345809
IMPUTED,config_strat80,SVC,robust,smoteenn,on,0.47757762936079495,0.18560836375980577,0.5174307236488221,-0.1600578141777946,0.92783056924063,3360,1.0878883834184245,0.3886454313369533
STRICT,config_random80,LinearDiscriminantAnalysis,standard,smote,on,0.4633375256984895,0.18681385708211276,0.4796874435475382,0.070869157725464,0.9211323729436768,560,0.8502632152182128,0.4031917268097108
IMPUTED,config_random80,LinearDiscriminantAnalysis,robust,undersample,on,0.4522191939765466,0.18704423521045993,0.4472135954999579,-0.1348399724926484,0.8563488385776753,280,0.9911888110703237,0.4136141006437701
IMPUTED,config_strat80,LinearDiscriminantAnalysis,standard,smote,off,0.550008733989548,0.18729898188696698,0.5479252865751503,0.1780684930865855,0.92783056924063,80,0.7497620761540444,0.340538195690773
STRICT,config_random80,LinearDiscriminantAnalysis,maxabs,smote,on,0.4593625545131968,0.18811601672759343,0.45758853337646055,0.0,0.9211323729436768,560,0.9211323729436768,0.4095153487792378
IMPUTED,config_strat80,LinearDiscriminantAnalysis,robust,none,on,0.456968860872552,0.18889332755798707,0.4779733235482032,0.0,0.8459051693633014,140,0.8459051693633014,0.4133614863763533
IMPUTED,config_random80,SVC,robust,smote,on,0.4528679555170691,0.19126803195711076,0.4472135954999579,-0.1636363636363636,0.8563488385776753,3360,1.019985202214039,0.42234834597366794
IMPUTED,config_random80,LinearDiscriminantAnalysis,robust,smote,on,0.46372185966762486,0.19153530350054054,0.4622501635210242,-0.1218363373750322,0.8563488385776753,560,0.9781851759527075,0.41303919474019296
STRICT,config_strat80,LogisticRegression,maxabs,smote,on,0.44654813933596016,0.192220387848171,0.5048267902790238,0.0,0.8427009716003844,3360,0.8427009716003844,0.43045837820310373
IMPUTED,config_strat80,LogisticRegression,maxabs,smote,on,0.4981044236077019,0.19287750562339703,0.5204358386562267,-0.1123508829409707,0.92783056924063,3360,1.0401814521816006,0.38722303292633253
IMPUTED,config_strat80,SVC,robust,undersample,on,0.5003894663102759,0.19422744046129528,0.5204358386562267,-0.4732058754737091,0.92783056924063,1680,1.401036444714339,0.38815253625035523
IMPUTED,config_strat80,SVC,robust,smote,on,0.5200391070120586,0.2038718775802259,0.5691908489504616,-0.38737781366765,1.0,3360,1.38737781366765,0.39203181997522074
STRICT,config_random80,LogisticRegression,maxabs,smote,on,0.4618912377480979,0.21368138108590445,0.471824981758758,-0.1119785021911708,0.9211323729436768,3360,1.0331108751348477,0.462622720724657
IMPUTED,config_strat80,LogisticRegression,maxabs,undersample,on,0.451747854754856,0.21591384943180253,0.4865336327998411,0.0,0.92783056924063,1680,0.92783056924063,0.47795213006372683
