dataset_variant,config_name,val_strategy,model_key,model_class,imputer,scaler,pca,resampling,n_seed_runs,accuracy_mean,accuracy_std,precision_mean,precision_std,recall_mean,recall_std,f1_mean,f1_std,balanced_accuracy_mean,balanced_accuracy_std,mcc_mean,mcc_std,fair_composite_rank_mean
IMPUTED,config_strat80,stratified_split_80_20,SVC_linear,SVC,median,standard,on,smoteenn,10,0.8125,0.0943269285222647,0.6366631540973646,0.1550011678959849,0.9111111111111112,0.1365858438117465,0.7393691111837565,0.1238930946974472,0.842512077294686,0.0875642270614581,0.6393175177092452,0.1756636944939326,424.3333333333333
IMPUTED,config_strat80,stratified_split_80_20,SVC_linear,SVC,none,standard,on,smoteenn,10,0.8125,0.0943269285222647,0.6366631540973646,0.1550011678959849,0.9111111111111112,0.1365858438117465,0.7393691111837565,0.1238930946974472,0.842512077294686,0.0875642270614581,0.6393175177092452,0.1756636944939326,424.3333333333333
IMPUTED,config_strat80,stratified_split_80_20,SVC_linear,SVC,median,robust,off,smote,10,0.83125,0.0724688630455253,0.6795292207792208,0.144761231342584,0.8222222222222222,0.1752912528325811,0.7318318366248101,0.1218533552668122,0.8285024154589372,0.0881633320785331,0.6309058270582744,0.1689714929619857,507.5
IMPUTED,config_strat80,stratified_split_80_20,SVC_linear,SVC,none,robust,off,smote,10,0.83125,0.0724688630455253,0.6795292207792208,0.144761231342584,0.8222222222222222,0.1752912528325811,0.7318318366248101,0.1218533552668122,0.8285024154589372,0.0881633320785331,0.6309058270582744,0.1689714929619857,507.5
IMPUTED,config_strat80,stratified_split_80_20,SVC_linear,SVC,median,standard,on,smoteenn,10,0.803125,0.104218736985673,0.6241270739064857,0.1648755098983785,0.9,0.1429648819675465,0.7279384708260734,0.1346607542650782,0.8326086956521739,0.1046701969523475,0.6185867514079043,0.2060389047983561,572.1666666666666
IMPUTED,config_strat80,stratified_split_80_20,SVC_linear,SVC,none,standard,on,smoteenn,10,0.803125,0.104218736985673,0.6241270739064857,0.1648755098983785,0.9,0.1429648819675465,0.7279384708260734,0.1346607542650782,0.8326086956521739,0.1046701969523475,0.6185867514079043,0.2060389047983561,572.1666666666666
IMPUTED,config_strat80,stratified_split_80_20,SVC_linear,SVC,median,robust,on,smote,10,0.828125,0.071032196338468,0.6697077922077922,0.132935724268896,0.8111111111111111,0.1660482353441473,0.7249852893102321,0.1223281918927534,0.8229468599033817,0.0886257306689413,0.6176860193425201,0.1691933684831208,611.8333333333334
IMPUTED,config_strat80,stratified_split_80_20,SVC_linear,SVC,median,robust,on,smote,10,0.828125,0.071032196338468,0.6697077922077922,0.132935724268896,0.8111111111111111,0.1660482353441473,0.7249852893102321,0.1223281918927534,0.8229468599033817,0.0886257306689413,0.6176860193425201,0.1691933684831208,611.8333333333334
IMPUTED,config_strat80,stratified_split_80_20,SVC_linear,SVC,none,robust,on,smote,10,0.828125,0.071032196338468,0.6697077922077922,0.132935724268896,0.8111111111111111,0.1660482353441473,0.7249852893102321,0.1223281918927534,0.8229468599033817,0.0886257306689413,0.6176860193425201,0.1691933684831208,611.8333333333334
IMPUTED,config_strat80,stratified_split_80_20,SVC_linear,SVC,none,robust,on,smote,10,0.828125,0.071032196338468,0.6697077922077922,0.132935724268896,0.8111111111111111,0.1660482353441473,0.7249852893102321,0.1223281918927534,0.8229468599033817,0.0886257306689413,0.6176860193425201,0.1691933684831208,611.8333333333334
IMPUTED,config_strat80,stratified_split_80_20,SVC_linear,SVC,median,standard,on,smoteenn,10,0.8,0.0934021323810828,0.6189819412613531,0.1433433438730486,0.9111111111111112,0.1462845752454185,0.7257068031436373,0.1156968381154774,0.8338164251207729,0.0845663638238648,0.6224103504422511,0.1639428408552494,629.1666666666666
IMPUTED,config_strat80,stratified_split_80_20,SVC_linear,SVC,none,standard,on,smoteenn,10,0.8,0.0934021323810828,0.6189819412613531,0.1433433438730486,0.9111111111111112,0.1462845752454185,0.7257068031436373,0.1156968381154774,0.8338164251207729,0.0845663638238648,0.6224103504422511,0.1639428408552494,629.1666666666666
IMPUTED,config_strat80,stratified_split_80_20,SVC_linear,SVC,median,robust,on,smote,10,0.796875,0.0990952999502106,0.622281746031746,0.1859909189201792,0.8777777777777777,0.1610152971798826,0.715303390123285,0.1431378311387602,0.8214975845410628,0.0992427394475448,0.603368633360525,0.2057584967929039,644.0
IMPUTED,config_strat80,stratified_split_80_20,SVC_linear,SVC,median,robust,on,smote,10,0.796875,0.0990952999502106,0.622281746031746,0.1859909189201792,0.8777777777777777,0.1610152971798826,0.715303390123285,0.1431378311387602,0.8214975845410628,0.0992427394475448,0.603368633360525,0.2057584967929039,644.0
IMPUTED,config_strat80,stratified_split_80_20,SVC_linear,SVC,none,robust,on,smote,10,0.796875,0.0990952999502106,0.622281746031746,0.1859909189201792,0.8777777777777777,0.1610152971798826,0.715303390123285,0.1431378311387602,0.8214975845410628,0.0992427394475448,0.603368633360525,0.2057584967929039,644.0
IMPUTED,config_strat80,stratified_split_80_20,SVC_linear,SVC,none,robust,on,smote,10,0.796875,0.0990952999502106,0.622281746031746,0.1859909189201792,0.8777777777777777,0.1610152971798826,0.715303390123285,0.1431378311387602,0.8214975845410628,0.0992427394475448,0.603368633360525,0.2057584967929039,644.0
IMPUTED,config_strat80,stratified_split_80_20,SVC_linear,SVC,median,robust,on,smote,10,0.796875,0.0990952999502106,0.622281746031746,0.1859909189201792,0.8777777777777777,0.1610152971798826,0.715303390123285,0.1431378311387602,0.8214975845410628,0.0992427394475448,0.603368633360525,0.2057584967929039,644.0
IMPUTED,config_strat80,stratified_split_80_20,SVC_linear,SVC,median,robust,on,smote,10,0.796875,0.0990952999502106,0.622281746031746,0.1859909189201792,0.8777777777777777,0.1610152971798826,0.715303390123285,0.1431378311387602,0.8214975845410628,0.0992427394475448,0.603368633360525,0.2057584967929039,644.0
IMPUTED,config_strat80,stratified_split_80_20,SVC_linear,SVC,none,robust,on,smote,10,0.796875,0.0990952999502106,0.622281746031746,0.1859909189201792,0.8777777777777777,0.1610152971798826,0.715303390123285,0.1431378311387602,0.8214975845410628,0.0992427394475448,0.603368633360525,0.2057584967929039,644.0
IMPUTED,config_strat80,stratified_split_80_20,SVC_linear,SVC,none,robust,on,smote,10,0.796875,0.0990952999502106,0.622281746031746,0.1859909189201792,0.8777777777777777,0.1610152971798826,0.715303390123285,0.1431378311387602,0.8214975845410628,0.0992427394475448,0.603368633360525,0.2057584967929039,644.0
IMPUTED,config_strat80,stratified_split_80_20,SVC_linear,SVC,median,standard,on,smoteenn,10,0.8,0.1043747920822945,0.6228221288515405,0.1659022900112668,0.8666666666666666,0.1553790886178002,0.7159892895725444,0.1392837376610763,0.8202898550724639,0.1085745135192072,0.5990154181312533,0.2133292288563547,663.6666666666666
IMPUTED,config_strat80,stratified_split_80_20,SVC_linear,SVC,none,standard,on,smoteenn,10,0.8,0.1043747920822945,0.6228221288515405,0.1659022900112668,0.8666666666666666,0.1553790886178002,0.7159892895725444,0.1392837376610763,0.8202898550724639,0.1085745135192072,0.5990154181312533,0.2133292288563547,663.6666666666666
IMPUTED,config_strat80,stratified_split_80_20,LogisticRegression,LogisticRegression,median,robust,on,undersample,10,0.815625,0.0476213727110935,0.6577701465201465,0.1173388884462467,0.8111111111111111,0.1288335343031562,0.7132558075029471,0.0573216675333051,0.8142512077294686,0.0475306293038359,0.6020795059738593,0.0921129575601293,668.6666666666666
IMPUTED,config_strat80,stratified_split_80_20,LogisticRegression,LogisticRegression,none,robust,on,undersample,10,0.815625,0.0476213727110935,0.6577701465201465,0.1173388884462467,0.8111111111111111,0.1288335343031562,0.7132558075029471,0.0573216675333051,0.8142512077294686,0.0475306293038359,0.6020795059738593,0.0921129575601293,668.6666666666666
IMPUTED,config_strat80,stratified_split_80_20,SVC_linear,SVC,median,standard,on,undersample,10,0.821875,0.0751878434692441,0.6547863247863248,0.127678055526153,0.8111111111111111,0.1741134707191578,0.7173272977452544,0.1279752677518494,0.8185990338164251,0.094819882439138,0.6058064668771674,0.1786207411347434,675.3333333333334
IMPUTED,config_strat80,stratified_split_80_20,SVC_linear,SVC,none,standard,on,undersample,10,0.821875,0.0751878434692441,0.6547863247863248,0.127678055526153,0.8111111111111111,0.1741134707191578,0.7173272977452544,0.1279752677518494,0.8185990338164251,0.094819882439138,0.6058064668771674,0.1786207411347434,675.3333333333334
IMPUTED,config_strat80,stratified_split_80_20,SVC_linear,SVC,median,robust,on,smoteenn,10,0.80625,0.0804177461067449,0.6570580808080808,0.1821862109459394,0.8111111111111111,0.2031980255458548,0.7015272601794341,0.1169629662129244,0.8077294685990338,0.0957908741349925,0.5948960522967186,0.1809906548242898,696.6666666666666
IMPUTED,config_strat80,stratified_split_80_20,SVC_linear,SVC,median,robust,on,smoteenn,10,0.80625,0.0804177461067449,0.6570580808080808,0.1821862109459394,0.8111111111111111,0.2031980255458548,0.7015272601794341,0.1169629662129244,0.8077294685990338,0.0957908741349925,0.5948960522967186,0.1809906548242898,696.6666666666666
IMPUTED,config_strat80,stratified_split_80_20,SVC_linear,SVC,none,robust,on,smoteenn,10,0.80625,0.0804177461067449,0.6570580808080808,0.1821862109459394,0.8111111111111111,0.2031980255458548,0.7015272601794341,0.1169629662129244,0.8077294685990338,0.0957908741349925,0.5948960522967186,0.1809906548242898,696.6666666666666
IMPUTED,config_strat80,stratified_split_80_20,SVC_linear,SVC,none,robust,on,smoteenn,10,0.80625,0.0804177461067449,0.6570580808080808,0.1821862109459394,0.8111111111111111,0.2031980255458548,0.7015272601794341,0.1169629662129244,0.8077294685990338,0.0957908741349925,0.5948960522967186,0.1809906548242898,696.6666666666666
